{
    "adjacencias": {
        "Cinema": [],
        "Bar": [],
        "Praia": []
    },
    "coordenadas": {
        "Cinema": [
            39.83766,
            -60.8765456789
        ],
        "Bar": [
            6.987656789,
            -10.98765678
        ],
        "Praia": [
            -9.72656789,
            70.987634
        ]
    }
}