{
  "adjacencias": {
    "Cinema": [],
    "Bar": []
  },
  "coordenadas": {
    "Cinema": [
      39.83766,
      -60.8765456789
    ],
    "Bar": [
      6.987656789,
      -10.98765678
    ]
  }
}